tin,tag_type,tag_name,relationship,confidence,match_method,evidence,n_npis_2026_08_20
83-2675429,platform,Headway,platform_entity,confirmed,published_list,"Headway help center: Texas group 'New York Medical Behavioral Health Services, P.C.', NPI 1235600834, TIN 832675429",15838
88-2977235,platform,Talkiatry,platform_entity,confirmed,nppes_org_dba,"Group contains NPI 1659003457 MCCD FL PSYCHIATRY SERVICES PA, NPPES DBA 'Talkiatry'",176
84-3213629,platform,Talkiatry,platform_entity,confirmed,nppes_org_dba,"Group contains NPI 1033750823 MCCD PSYCHIATRY SERVICES PLLC, NPPES DBA 'Talkiatry'",34
85-2938829,platform,Grow Therapy,platform_entity,high,bcbstx_tin_name+nppes_org_name,GROW HEALTHCARE GROUP PA (NPI 1245845932),3577
47-5025949,platform,SonderMind,platform_entity,high,bcbstx_tin_name+nppes_org_name,SONDERMIND PROVIDER NETWORK LLC (NPI 1760854442),2622
99-4151402,platform,SonderMind,platform_entity,high,bcbstx_tin_name+nppes_org_name,SONDERMIND PC (NPI 1003646977),3
86-2493019,platform,Rula,platform_entity,high,nppes_org_dba,"TIN name MENTAL HEALTH SPECIALTY GROUP PA; group contains NPI 1801472634, NPPES DBA 'Rula Health'",2592
26-4621796,platform,LifeStance Health,platform_entity,high,nppes_org_dba,"Group contains NPI 1659567238, NPPES DBA 'LifeStance Health'",929
26-3447487,platform,Thriveworks,platform_entity,high,nppes_org_dba,"Group contains NPI 1215181300, NPPES DBA 'Thriveworks'",479
47-1744442,platform,Thriveworks,affiliated_location,medium,nppes_org_dba,"ROBERSON COUNSELING CENTER, PLLC (7701 N Lamar, Austin), NPPES DBA 'Thriveworks North Central Austin'; separate TIN and contract",27
83-2104126,platform,Brightside,platform_entity,high,nppes_org_name,"Group contains NPI 1801355482 BRIGHTSIDE MEDICAL, P.C.",488
83-4662816,platform,Cerebral,platform_entity,high,nppes_org_name,"Group contains NPI 1992355879 CEREBRAL MEDICAL GROUP, A PROFESSIONAL CORPORATION",190
26-4562522,health_system,Ascension Seton,system,high,nppes_org_dba+nppes_org_name,SETON FAMILY OF DOCTORS; SETON/UT SOUTHWESTERN UNIVERSITY PHYSICIANS GROUP | Reviewed: Ascension Seton's medical group TIN; other orgs are practices it absorbed,1291
74-2800601,health_system,Ascension Seton,system,high,nppes_org_dba+nppes_org_name,DELL CHILDREN'S MEDICAL GROUP; SETON ENT | Reviewed: Ascension Seton's pediatric medical group TIN; other orgs are pediatric practices it absorbed,588
74-1109643,health_system,Ascension Seton,system,high,bcbstx_tin_name+nppes_org_dba+nppes_org_name,ASCENSION SETON HIGHLAND LAKES -SWING; ASCENSION SETON LOCKHART HEALTH CENTER; ASCENSION SETON LOCKHART FAMILY HEALTH CENTER AT CHURCH,191
26-4562712,health_system,Ascension Seton,system,high,bcbstx_tin_name+nppes_org_dba+nppes_org_name,SETON FAMILY OF DOCTORS,142
20-3904667,health_system,Ascension Seton,system,high,nppes_org_dba,ASCENSION SETON CEDAR PARK,2
27-2814378,health_system,Ascension Seton,system,high,nppes_org_dba,SETON MEDICAL CENTER HARKER HEIGHTS,1
74-2958277,health_system,Baylor Scott & White,system,high,nppes_org_dba+nppes_org_name,SCOTT & WHITE CLINIC PEDIATRIC GROUP; BAYLOR SCOTT & WHITE CLINIC - TEMPLE; SCOTT AND WHITE CLINIC,3309
75-2536818,health_system,Baylor Scott & White,system,high,nppes_org_dba+nppes_org_name,BAYLOR UNIVERSITY MEDICAL CENTER; ONE MEDICAL WITH BAYLOR SCOTT & WHITE HEALTH; HEALTHTEXAS PROVIDER NETWORK,3040
26-0845489,health_system,Baylor Scott & White,affiliate_jv,medium,nppes_org_dba,BAYLOR SCOTT & WHITE URGENT CARE PLUS | Urgent Care Plus JV (legal UCP Physicians of Central Texas; DBAs BSW Urgent Care Plus and NextCare),231
74-2967081,health_system,Baylor Scott & White,system,high,nppes_org_dba,BAYLOR SCOTT & WHITE MEDICAL CENTER HILLCREST,188
75-2885038,health_system,Baylor Scott & White,affiliate_jv,medium,nppes_org_dba,"BAYLOR SCOTT & WHITE URGENT CARE PLUS | Facility/JV-type entity (surgery, imaging, urgent care, rehab or specialty hospital); often jointly owned",172
74-1166904,health_system,Baylor Scott & White,system,high,bcbstx_tin_name+nppes_org_dba+nppes_org_name,SCOTT & WHITE MEMORIAL HOSPITAL ASC CSHCN; BAYLOR SCOTT & WHITE MEDICAL CENTER - TEMPLE; SCOTT AND WHITE MEMORIAL HOSPITAL,164
75-2254247,health_system,Baylor Scott & White,system,medium,nppes_org_dba+nppes_org_name,BAYLOR SCOTT & WHITE ALL SAINTS MEDICAL CENTER - FORT WORTH; BAYLOR ALL SAINTS MEDICAL CENTER | Mixed TIN: HeartPlace cardiology orgs plus BSW All Saints,135
41-2101361,health_system,Baylor Scott & White,affiliate_jv,medium,nppes_org_dba,"BAYLOR SCOTT & WHITE HEART AND VASCULAR HOSPITAL - DALLAS; BAYLOR SCOTT & WHITE THE HEART HOSPITAL - DALLAS; BAYLOR SCOTT & WHITE THE HEART HOSPITAL - PLANO | Facility/JV-type entity (surgery, imaging, urgent care, rehab or specialty hospital); often jointly owned",95
46-4007700,health_system,Baylor Scott & White,system,high,bcbstx_tin_name+nppes_org_dba+nppes_org_name,"SCOTT & WHITE HOSPITAL - LLANO, PROFESSIONAL SERVICES; BAYLOR SCOTT & WHITE MEDICAL CENTER - MARBLE FALLS; BAYLOR SCOTT & WHITE MEDICAL",76
75-2951355,health_system,Baylor Scott & White,affiliate_jv,medium,bcbstx_tin_name+nppes_org_dba,"BAYLOR SCOTT & WHITE TEXAS; BAYLOR SCOTT & WHITE TX SPINE & JOINT HOS IMAGING CTR; BAYLOR SCOTT & WHITE TX SPINE & JOINT HOS SUR CTR | Facility/JV-type entity (surgery, imaging, urgent care, rehab or specialty hospital); often jointly owned",66
74-1595711,health_system,Baylor Scott & White,system,high,bcbstx_tin_name+nppes_org_dba+nppes_org_name,SCOTT & WHITE HOSPITAL - TAYLOR; BAYLOR SCOTT & WHITE MEDICAL CENTER - TAYLOR; SCOTT & WHITE HOSPITAL-TAYLOR,43
75-2834135,health_system,Baylor Scott & White,system,high,nppes_org_name,BAYLOR HEART & VASCULAR CENTER LLP,20
26-3603862,health_system,Baylor Scott & White,affiliate_jv,medium,bcbstx_tin_name+nppes_org_dba,"BAYLOR SCOTT & WHITE THE HEART HOSPITAL - DENTON; BAYLOR SCOTT & WHITE THE HEART HOSPITAL - CORINTH; BAYLOR SCOTT & WHITE THE HEART HOSPITAL REHABILITATION | Facility/JV-type entity (surgery, imaging, urgent care, rehab or specialty hospital); often jointly owned",17
82-0551704,health_system,Baylor Scott & White,system,high,bcbstx_tin_name+nppes_org_dba+nppes_org_name,BAYLOR REGIONAL MEDICAL CENTER AT PLANO; BAYLOR REGIONAL MEDICAL; BAYLOR SCOTT & WHITE MEDICAL CENTER - PLANO,15
47-2495342,health_system,Baylor Scott & White,affiliate_jv,medium,nppes_org_dba,"BAYLOR SCOTT & WHITE URGENT CARE PLUS | Facility/JV-type entity (surgery, imaging, urgent care, rehab or specialty hospital); often jointly owned",12
91-1947573,health_system,Baylor Scott & White,system,high,nppes_org_name,"HEALTHTEXAS PROVIDER NETWORK-NEUROSURGICAL ASSOCIATES, LLP; HEALTHTEXAS PROVIDER NETWORK-ORTHOPEDIC SERVICES, LLP; HEALTHTEXAS PROVIDER NETWORK",7
27-4586141,health_system,Baylor Scott & White,affiliate_jv,medium,nppes_org_dba,"BAYLOR SCOTT & WHITE INSTITUTE FOR REHABILITATION - LAKEWAY; BAYLOR INSTITUTE FOR REHABILITATION | Facility/JV-type entity (surgery, imaging, urgent care, rehab or specialty hospital); often jointly owned",6
75-1837454,health_system,Baylor Scott & White,system,high,bcbstx_tin_name+nppes_org_name,BAYLOR UNIVERSITY MEDICAL CENTER; BAYLOR MEDICAL CENTER AT GARLAND,5
26-2978009,health_system,Baylor Scott & White,system,high,bcbstx_tin_name+nppes_org_dba,BAYLOR SCOTT & WHITE EMERGENCY HOSPITAL AUBREY; BAYLOR SCOTT & WHITE EMERGENCY HOSPITAL ROCKWALL; BAYLOR SCOTT & WHITE EMERGENCY,5
36-4755936,health_system,Baylor Scott & White,system,high,bcbstx_tin_name+nppes_org_dba,BAYLOR SCOTT & WHITE EMERGENCY HOSPITAL GRAND PRAIRIE; BAYLOR SCOTT & WHITE EMERGENCY HOSPITAL-KELLER; BAYLOR SCOTT & WHITE EMERGENCY HOSPITAL BURLESON,4
75-2582845,health_system,Baylor Scott & White,system,high,nppes_org_name,BAYLOR UNIVERSITY MEDICAL CENTER; HEALTHTEXAS PROVIDER NETWORK--DALLAS DIAGNOSTIC ASSOCIATION,3
75-1008430,health_system,Baylor Scott & White,system,high,bcbstx_tin_name+nppes_org_dba+nppes_org_name,BAYLOR SCOTT & WHITE ALL SAINTS MEDICAL CENTER - FORT WORTH; BAYLOR SCOTT & WHITE ALL SAINTS; BAYLOR ALL SAINTS MEDICAL CENTER,3
81-3040663,health_system,Baylor Scott & White,system,high,bcbstx_tin_name+nppes_org_dba+nppes_org_name,BAYLOR SCOTT & WHITE MEDICAL CENTER - BUDA; BAYLOR SCOTT & WHITE MEDICAL CENTER - PFLUGERVILLE; BAYLOR SCOTT & WHITE MEDICAL CENTERS - CAPITOL AREA,3
75-2586857,health_system,Baylor Scott & White,system,high,bcbstx_tin_name+nppes_org_dba+nppes_org_name,BAYLOR SCOTT & WHITE MEDICAL CENTER - IRVING; BAYLOR MEDICAL CENTER AT IRVING,3
74-2519752,health_system,Baylor Scott & White,system,high,bcbstx_tin_name+nppes_org_dba+nppes_org_name,SCOTT & WHITE HOSPITAL BRENHAM; BAYLOR SCOTT & WHITE MEDICAL CENTER - BRENHAM,3
26-0194016,health_system,Baylor Scott & White,system,high,nppes_org_dba,BAYLOR SCOTT & WHITE MEDICAL CENTER LAKE POINTE,2
61-1762781,health_system,Baylor Scott & White,affiliate_jv,medium,nppes_org_dba,"BAYLOR SCOTT & WHITE SURGICAL HOSPITAL AT SHERMAN | Facility/JV-type entity (surgery, imaging, urgent care, rehab or specialty hospital); often jointly owned",2
75-1037591,health_system,Baylor Scott & White,system,high,bcbstx_tin_name+nppes_org_dba+nppes_org_name,BAYLOR SCOTT & WHITE MEDICAL CENTER - FRISCO AT PGA PARKWAY; BAYLOR SCOTT & WHITE MEDICAL CENTER - MCKINNEY; BAYLOR SCOTT & WHITE MEDICAL CENTERS - GREATER NORTH TEXAS,2
20-2850920,health_system,Baylor Scott & White,system,high,bcbstx_tin_name+nppes_org_dba+nppes_org_name,BAYLOR SCOTT & WHITE CONTINUING CARE HOSPITAL; SCOTT AND WHITE CONT CARE HOSP; BAYLOR SCOTT & WHITE CONTINUING CARE HOSPITAL SKILLED NURSING FACILITY,2
75-1844139,health_system,Baylor Scott & White,system,high,bcbstx_tin_name+nppes_org_dba+nppes_org_name,BAYLOR SCOTT & WHITE MEDICAL CENTER - WAXAHACHIE; BAYLOR MEDICAL CENTER WAXAHACHIE; BAYLOR MEDICAL CENTER AT WAXAHACHIE,2
75-1777119,health_system,Baylor Scott & White,system,high,bcbstx_tin_name+nppes_org_dba+nppes_org_name,BAYLOR MEDICAL CENTER AT GRAPEVINE; BAYLOR SCOTT & WHITE MEDICAL CENTER - GRAPEVINE; BAYLOR REGIONAL MEDICAL CENTER AT GRAPEVINE,2
74-1161944,health_system,Baylor Scott & White,system,high,bcbstx_tin_name+nppes_org_dba+nppes_org_name,BAYLOR SCOTT & WHITE HOSPICE - WACO; SCOTT & WHITE MEMORIAL HOSPITAL; BAYLOR SCOTT & WHITE MEDICAL | Legacy name Hillcrest Baptist Medical Center (Waco): now BSW Hillcrest; excluded from Tenet,2
27-3026151,health_system,Baylor Scott & White,system,high,bcbstx_tin_name,SCOTT AND WHITE HOSPITAL LLANO,2
26-3896477,health_system,Baylor Scott & White,affiliate_jv,medium,nppes_org_dba,"BAYLOR SCOTT & WHITE SURGICARE-GRANBURY | Facility/JV-type entity (surgery, imaging, urgent care, rehab or specialty hospital); often jointly owned",2
20-5506447,health_system,Baylor Scott & White,affiliate_jv,medium,nppes_org_dba,"BAYLOR SCOTT & WHITE SURGICARE - ROCKWALL | Facility/JV-type entity (surgery, imaging, urgent care, rehab or specialty hospital); often jointly owned",2
26-0308454,health_system,Baylor Scott & White,affiliate_jv,medium,nppes_org_dba,"BAYLOR SCOTT & WHITE SURGICARE - PLANO | Facility/JV-type entity (surgery, imaging, urgent care, rehab or specialty hospital); often jointly owned",2
54-2086863,health_system,Baylor Scott & White,affiliate_jv,medium,nppes_org_dba,"BAYLOR SCOTT & WHITE SURGICAL HOSPITAL - LAS COLINAS | Facility/JV-type entity (surgery, imaging, urgent care, rehab or specialty hospital); often jointly owned",1
75-2722718,health_system,Baylor Scott & White,system,high,nppes_org_name,HEALTHTEXAS PROVIDER NETWORK,1
91-1982510,health_system,Baylor Scott & White,system,high,bcbstx_tin_name+nppes_org_name,HEALTHTEXAS PROVIDER NETWORK,1
75-2854711,health_system,Baylor Scott & White,affiliate_jv,medium,nppes_org_dba,"BAYLOR SCOTT & WHITE SURGICARE - SOUTHLAKE | Facility/JV-type entity (surgery, imaging, urgent care, rehab or specialty hospital); often jointly owned",1
48-1260190,health_system,Baylor Scott & White,system,high,bcbstx_tin_name+nppes_org_dba,BAYLOR SCOTT & WHITE MEDICAL; BAYLOR SCOTT & WHITE MEDICAL CENTER - TROPHY CLUB,1
75-2829613,health_system,Baylor Scott & White,system,high,bcbstx_tin_name+nppes_org_dba,BAYLOR SCOTT & WHITE MEDICAL; BAYLOR SCOTT & WHITE MEDICAL CENTER - UPTOWN,1
75-2865177,health_system,Baylor Scott & White,system,high,bcbstx_tin_name+nppes_org_dba,BAYLOR SCOTT & WHITE MED CNTR - FRISCO; BAYLOR SCOTT & WHITE MEDICAL,1
75-2900902,health_system,Baylor Scott & White,affiliate_jv,medium,nppes_org_dba,"BAYLOR SCOTT & WHITE SURGICARE-NORTH DALLAS | Facility/JV-type entity (surgery, imaging, urgent care, rehab or specialty hospital); often jointly owned",1
27-1835675,health_system,Baylor Scott & White,affiliate_jv,medium,nppes_org_dba,"BAYLOR SCOTT & WHITE SURGICARE - MANSFIELD | Facility/JV-type entity (surgery, imaging, urgent care, rehab or specialty hospital); often jointly owned",1
73-1697736,health_system,Baylor Scott & White,system,high,nppes_org_name,HEALTHTEXAS PROVIDER NETWORK,1
20-8303422,health_system,Baylor Scott & White,affiliate_jv,medium,bcbstx_tin_name+nppes_org_dba,"BAYLOR SCOTT & WHITE SURGICARE FORT WORTH; BAYLOR SCOTT AND WHITE | Facility/JV-type entity (surgery, imaging, urgent care, rehab or specialty hospital); often jointly owned",1
27-4434451,health_system,Baylor Scott & White,system,high,bcbstx_tin_name+nppes_org_dba+nppes_org_name,BAYLOR SCOTT & WHITE MEDICAL CENTER - COLLEGE STATION; SCOTT & WHITE HOSPITAL - COLLEGE STATION; SCOTT AND WHITE HOSPITAL COLLEGE,1
26-1578178,health_system,Baylor Scott & White,system,high,bcbstx_tin_name+nppes_org_dba,BAYLOR SCOTT & WHITE; BAYLOR SCOTT & WHITE ORTHOPEDIC AND SPINE HOSPITAL,1
03-0380493,health_system,Baylor Scott & White,affiliate_jv,medium,nppes_org_dba,"BAYLOR SCOTT & WHITE SURGICARE - CARROLLTON | Facility/JV-type entity (surgery, imaging, urgent care, rehab or specialty hospital); often jointly owned",1
20-3749695,health_system,Baylor Scott & White,system,high,bcbstx_tin_name+nppes_org_dba+nppes_org_name,BAYLOR SCOTT & WHITE MEDICAL CENTER - ROUND ROCK; SCOTT & WHITE HOSPITAL - ROUND ROCK; BAYLOR SCOTT & WHITE MEDICAL,1
81-3127185,health_system,Baylor Scott & White,affiliate_jv,medium,nppes_org_dba,"BAYLOR SCOTT & WHITE SURGICARE AT PLANO ALLIANCE | Facility/JV-type entity (surgery, imaging, urgent care, rehab or specialty hospital); often jointly owned",1
20-8077072,health_system,Baylor Scott & White,affiliate_jv,medium,nppes_org_dba,"BAYLOR INSTITUTE FOR REHABILITATION AT FORT WORTH | Facility/JV-type entity (surgery, imaging, urgent care, rehab or specialty hospital); often jointly owned",1
75-2658178,health_system,Baylor Scott & White,affiliate_jv,medium,bcbstx_tin_name+nppes_org_dba,"BAYLOR SCOTT & WHITE SURGICAL HOSPITAL - FORT WORTH; BAYLOR SCOTT & WHITE SURGICAL | Facility/JV-type entity (surgery, imaging, urgent care, rehab or specialty hospital); often jointly owned",1
99-4825936,health_system,Baylor Scott & White,affiliate_jv,medium,bcbstx_tin_name+nppes_org_dba,"BAYLOR SCOTT & WHITE INSTITUTE; BAYLOR SCOTT & WHITE INSTITUTE FOR REHABILITATION - TEMPLE | Facility/JV-type entity (surgery, imaging, urgent care, rehab or specialty hospital); often jointly owned",1
51-0570864,health_system,Baylor Scott & White,system,high,nppes_org_dba,BAYLOR SCOTT & WHITE MEDICAL CENTER - SUNNYVALE,1
81-2931756,health_system,Baylor Scott & White,system,high,bcbstx_tin_name,BAYLOR SCOTT & WHITE SPORTS SURGE,1
82-4052186,health_system,Baylor Scott & White,system,high,bcbstx_tin_name+nppes_org_name,BAYLOR SCOTT AND WHITE MEDICAL; BAYLOR SCOTT & WHITE MEDICAL CENTER - CENTENNIAL | Legacy BCBSTX names TENET FRISCO LTD / CENTENNIAL MEDICAL CENTER: now BSW Medical Center - Centennial per NPPES,1
92-0758698,health_system,Baylor Scott & White,affiliate_jv,medium,bcbstx_tin_name+nppes_org_name,"BAYLOR SCOTT & WHITE SURGICARE WAXAHACHIE LLC; BAYLOR SCOTT & WHITE SURGICARE | Facility/JV-type entity (surgery, imaging, urgent care, rehab or specialty hospital); often jointly owned",1
57-1177200,health_system,Baylor Scott & White,system,high,bcbstx_tin_name,HEALTHTEXAS PROVIDER NETWORKCRNA,1
56-2399993,health_system,Baylor Scott & White,affiliate_jv,medium,bcbstx_tin_name+nppes_org_dba,"BAYLOR SCOTT & WHITE SURGICARE; BAYLOR SCOTT & WHITE SURGICARE - NORTH GARLAND | Facility/JV-type entity (surgery, imaging, urgent care, rehab or specialty hospital); often jointly owned",1
75-3242749,health_system,Baylor Scott & White,system,high,bcbstx_tin_name+nppes_org_dba+nppes_org_name,"SCOTT & WHITE EMS, INC; SCOTT AND WHITE EMS INC",1
75-2708579,health_system,Baylor Scott & White,affiliate_jv,medium,nppes_org_dba,"BAYLOR SCOTT & WHITE SURGICARE - DENTON | Facility/JV-type entity (surgery, imaging, urgent care, rehab or specialty hospital); often jointly owned",1
56-2297308,health_system,Baylor Scott & White,affiliate_jv,medium,nppes_org_dba,"BAYLOR SCOTT & WHITE SURGICARE - OAKMONT | Facility/JV-type entity (surgery, imaging, urgent care, rehab or specialty hospital); often jointly owned",1
75-2813815,health_system,Baylor Scott & White,affiliate_jv,medium,nppes_org_dba,"BAYLOR SCOTT & WHITE SURGICARE | Facility/JV-type entity (surgery, imaging, urgent care, rehab or specialty hospital); often jointly owned",1
75-2616977,health_system,CHRISTUS Health,system,high,bcbstx_tin_name+nppes_org_dba+nppes_org_name,CHRISTUS TRINITY CLINIC CANTON RHC; CHRISTUS TRINITY CLINIC HOLLY LAKE; TRINITY CLINIC REFERENCE LABORATORY,2089
75-0818167,health_system,CHRISTUS Health,system,high,nppes_org_dba,CHRISTUS MOTHER FRANCES HOSPITAL TYLER,429
75-1976930,health_system,CHRISTUS Health,system,high,nppes_org_dba,CHRISTUS MOTHER FRANCES HOSPITAL - JACKSONVILLE,257
75-0974351,health_system,CHRISTUS Health,system,high,bcbstx_tin_name+nppes_org_name,CHRISTUS GOOD SHEPHERD MEDICAL CENTER; CHRISTUS GOOD SHEPHERD MEDICAL,113
75-2796815,health_system,CHRISTUS Health,system,high,bcbstx_tin_name+nppes_org_dba+nppes_org_name,CHRISTUS ST MICHAEL HEALTH SYSTEM; CHRISTUS ST. MICHAEL HEALTH SYSTEM; CHRISTUS HEALTH ARK LA TEX,92
74-1109836,health_system,CHRISTUS Health,system,high,bcbstx_tin_name+nppes_org_dba+nppes_org_name,CHRISTUS SPOHN MEDICAL CLINIC BEEVILLE; CHRISTUS SPOHN HOSPITAL KLEBERG; CHRISTUS SPOHN HOSPITAL ALICE,25
76-0591590,health_system,CHRISTUS Health,system,high,bcbstx_tin_name+nppes_org_dba+nppes_org_name,CHRISTUS SOUTHEAST TEXAS FAMILY PRACTICE CENTER - KIRBYVILLE; CHRISTUS SOUTHEAST TEXAS - JASPER MEMORIAL; CHRISTUS HEALTH SOUTHEAST TEXAS,23
26-3362901,health_system,CHRISTUS Health,system,high,nppes_org_dba+nppes_org_name,CHRISTUS HEALTH SOUTHEAST TEXAS; CHRISTUS SOUTHEAST TEXAS - ST. ELIZABETH,21
74-1109665,health_system,CHRISTUS Health,system,high,bcbstx_tin_name+nppes_org_dba+nppes_org_name,CHRISTUS SANTA ROSA HOSPITAL; CHRISTUS SANTA ROSA HOSPITAL - SAN MARCOS; CHRISTUS CHILDREN'S KIDNEY CENTER,17
11-3678481,health_system,CHRISTUS Health,system,high,nppes_org_dba,CHRISTUS MOTHER FRANCES HOSPITAL TYLER,8
76-0422435,health_system,CHRISTUS Health,system,medium,nppes_org_dba+nppes_org_name,CHRISTUS MEDICAL GROUP OBSTETRICS AND GYNECOLOGY ASSOCIATES; CHRISTUS ST. FRANCES CABRINI HOPSITAL INTENSIVISTS GROUP; CHRISTUS PHYSICIAN GROUP | Only 1/4 org NPIs in the TIN's groups carry the system name,5
74-2786844,health_system,CHRISTUS Health,system,high,nppes_org_dba+nppes_org_name,CHRISTUS SPOHN HEALTH SYSTEM CORPORATION; CHRISTUS SPOHN MEDICAL CLINIC BEEVILLE,2
81-1708177,health_system,CHRISTUS Health,system,high,bcbstx_tin_name+nppes_org_dba+nppes_org_name,CHRISTUS HOPKINS HEALTH ALLIANCE; CHRISTUS MOTHER FRANCES - SULPHUR SPRINGS,2
74-2898615,health_system,CHRISTUS Health,system,high,bcbstx_tin_name+nppes_org_name,CHRISTUS CONTINUING CARE,2
81-0571409,health_system,CHRISTUS Health,affiliate_jv,medium,bcbstx_tin_name+nppes_org_dba+nppes_org_name,"CHRISTUS PHYSICIANS SURGERY CENTER - SAN MARCOS; CHRISTUS SANTA ROSA OUTPATIENT SURGERY - NEW BRAUNFELS, LP; CHRISTUS SANTA ROSA OUTPATIENT | Facility/JV-type entity (surgery, imaging, urgent care, rehab or specialty hospital); often jointly owned",2
41-2092141,health_system,CHRISTUS Health,affiliate_jv,medium,bcbstx_tin_name+nppes_org_dba+nppes_org_name,"CHRISTUS SURGERY CENTER - STONE OAK; CHRISTUS SURGERY CENTER - ALAMO HEIGHTS; CHRISTUS SANTA ROSA PASC-SAN ANTONIO LLC | Facility/JV-type entity (surgery, imaging, urgent care, rehab or specialty hospital); often jointly owned",2
38-4092858,health_system,CHRISTUS Health,affiliate_jv,medium,bcbstx_tin_name+nppes_org_dba+nppes_org_name,"CHRISTUS AMBULATORY SURGERY CENTER AT OLYMPIA HILLS LLC; CHRISTUS AMBULATORY SURGERY; CHRISTUS SURGERY CENTER OLYMPIA H | Facility/JV-type entity (surgery, imaging, urgent care, rehab or specialty hospital); often jointly owned",1
74-1461326,health_system,CHRISTUS Health,system,high,bcbstx_tin_name+nppes_org_dba+nppes_org_name,CHRISTUS HEALTH SOUTHEAST TEXAS; CHRISTUS SOUTHEAST TEXAS - ST. ELIZABETH,1
75-3049514,health_system,CHRISTUS Health,system,high,bcbstx_tin_name+nppes_org_dba,CHRISTUS SPOHN TEXAS ORTHOPEDIC CENTER OF EXCELLENCE; CHRISTUS SPOHN TEXAS ORTHOPEDIC,1
46-5203505,health_system,CHRISTUS Health,system,high,bcbstx_tin_name+nppes_org_name,CHRISTUS PEDIATRIC PHYSICIAN GROUP,1
20-4911604,health_system,CHRISTUS Health,affiliate_jv,medium,nppes_org_dba,"CHRISTUS SPOHN-SURGICARE OF CORPUS CHRISTI | Facility/JV-type entity (surgery, imaging, urgent care, rehab or specialty hospital); often jointly owned",1
25-1675784,health_system,CHRISTUS Health,affiliate_jv,medium,nppes_org_dba,"CHRISTUS TRINITY MOTHER FRANCES REHAB HOSP, A PART OF ENCOMPASS HEALTH | Facility/JV-type entity (surgery, imaging, urgent care, rehab or specialty hospital); often jointly owned",1
74-1191729,health_system,CHRISTUS Health,system,high,nppes_org_dba+nppes_org_name,CHRISTUS SANTA ROSA HEALTHCARE; CHRISTUS SANTA ROSA HOSPITAL - NEW BRAUNFELS,1
75-2743883,health_system,Covenant Health,system,high,bcbstx_tin_name+nppes_org_dba+nppes_org_name,"COVENANT MEDICAL GROUP; COVENANT MEDICAL GROUP URGENT CARE | Reviewed: Covenant's main physician group (also runs urgent care), not a JV",500
75-2426010,health_system,Covenant Health,system,high,bcbstx_tin_name+nppes_org_dba,COVENANT HOSPITAL PLAINVIEW TEXAS; COVENANT HEALTHCARE CENTER PLAINVIEW; COVENANT PLAINVIEW MEDICAL CLINIC,43
75-2246348,health_system,Covenant Health,system,medium,nppes_org_dba,COVENANT HOSPITAL LEVELLAND | Only 0/6 org NPIs in the TIN's groups carry the system name,31
82-2913146,health_system,Covenant Health,system,high,bcbstx_tin_name+nppes_org_dba+nppes_org_name,COVENANT HEALTH SYSTEM; COVENANT MEDICAL CENTER,6
75-2177401,health_system,Covenant Health,affiliate_jv,medium,bcbstx_tin_name+nppes_org_dba+nppes_org_name,"COVENANT HIGH PLAINS SURGERY CENTER, LLC; COVENANT HIGH PLAINS SURGERY CENTER - QUAKER AVENUE; COVENANT HIGH PLAINS SURGERY CENTER - 22ND STREET | Facility/JV-type entity (surgery, imaging, urgent care, rehab or specialty hospital); often jointly owned",2
75-2428911,health_system,Covenant Health,system,high,nppes_org_dba,COVENANT CHILDREN'S HOSPITAL,2
20-5033419,health_system,Covenant Health,system,high,bcbstx_tin_name+nppes_org_dba,COVENANT SPECIALTY HOSPITAL,1
75-2765566,health_system,Covenant Health,system,high,bcbstx_tin_name+nppes_org_name,COVENANT MEDICAL CENTER LAKESIDE; COVENANT HEALTH SYSTEM,1
26-2400924,health_system,HCA Healthcare,system,high,nppes_org_name,"METHODIST PHYSICIAN PRACTICES, PLLC",303
74-2082653,health_system,HCA Healthcare,system,high,bcbstx_tin_name+nppes_org_name,"ST DAVIDS HEART & VASCULAR, PLLC; ST DAVIDS HEART & VASCULAR PLLC",228
38-4007312,health_system,HCA Healthcare,affiliate_jv,medium,bcbstx_tin_name+nppes_org_name,"ST. DAVID'S CARENOW URGENT CARE PLLC; ST DAVIDS CARE NOW URGENT CARE PLLC | Facility/JV-type entity (surgery, imaging, urgent care, rehab or specialty hospital); often jointly owned",198
99-0675124,health_system,HCA Healthcare,system,high,bcbstx_tin_name+nppes_org_name,"HCA HOUSTON OB HOSPITALIST; HCA HOUSTON OB HOSPITALIST, PLLC",103
38-3830353,health_system,HCA Healthcare,system,high,nppes_org_name,"ST. DAVID'S ORTHO, NEURO AND REHAB, PLLC | Reviewed: an HCA (St. David's) physician group PLLC, not a rehab facility",92
26-3778482,health_system,HCA Healthcare,system,high,bcbstx_tin_name+nppes_org_name,"MEDICAL CITY OB GYN PLLC; MEDICAL CITY OB-GYN, PLLC",87
62-1682198,health_system,HCA Healthcare,system,high,bcbstx_tin_name+nppes_org_dba+nppes_org_name,COLUMBIA HOSPITAL AT MEDICAL CITY DALLAS SUBSIDIARY LP; COLUMBIA HOSPITAL AT MEDICAL CITY; MEDICAL CITY DALLAS,58
74-2730328,health_system,HCA Healthcare,system,high,bcbstx_tin_name+nppes_org_dba+nppes_org_name,METHODIST HEALTHCARE SYSTEM; METHODIST HOSPITAL ATASCOSA; METHODIST HOSPITAL HILL COUNTRY,46
27-0284846,health_system,HCA Healthcare,system,high,nppes_org_name,"ST. DAVID'S SPECIALIZED WOMEN'S SERVICES, PLLC",35
26-2243652,health_system,HCA Healthcare,system,high,bcbstx_tin_name+nppes_org_name,"MEDICAL CITY TRANSPLANT PLLC; MEDICAL CITY TRANSPLANT, PLLC",20
62-1797829,health_system,HCA Healthcare,system,high,bcbstx_tin_name+nppes_org_dba,MEDICAL CITY GREEN OAKS HOSPITAL,19
26-4635935,health_system,HCA Healthcare,system,high,nppes_org_dba,MEDICAL CITY ARLINGTON,11
62-1801359,health_system,HCA Healthcare,system,high,bcbstx_tin_name+nppes_org_dba,HCA HOUSTON HEALTHCARE; HCA HOUSTON HEALTHCARE SOUTHEAST; HCA HOUSTON SOUTHEAST,8
74-2781812,health_system,HCA Healthcare,system,high,bcbstx_tin_name+nppes_org_dba+nppes_org_name,"ST. DAVID'S GEORGETOWN HOSPITAL; ST. DAVID'S NORTH AUSTIN MEDICAL CENTER; ST. DAVIDS HEALTHCARE PARTNERSHIP, L.P., LLP",8
62-1682213,health_system,HCA Healthcare,affiliate_jv,medium,bcbstx_tin_name+nppes_org_dba,"MEDICAL CITY DECATUR BEHAVIORAL HEALTH, A CAMPUS OF MC DENTON; MEDICAL CITY DECATUR DIALYSIS CLINIC, A CAMPUS OF MC DENTON; MEDICAL CITY DENTON | Facility/JV-type entity (surgery, imaging, urgent care, rehab or specialty hospital); often jointly owned",5
93-2081386,health_system,HCA Healthcare,system,high,bcbstx_tin_name,MEDICAL CITY DECATUR,4
62-1682205,health_system,HCA Healthcare,system,high,nppes_org_dba,MEDICAL CITY NORTH HILLS,4
62-1801360,health_system,HCA Healthcare,system,high,nppes_org_dba,HCA HOUSTON HEALTHCARE CLEAR LAKE,4
82-1349955,health_system,HCA Healthcare,system,medium,nppes_org_dba,HCA HOUSTON HEALTHCARE TOMBALL | Only 0/4 org NPIs in the TIN's groups carry the system name,4
20-1651590,health_system,HCA Healthcare,affiliate_jv,medium,bcbstx_tin_name+nppes_org_name,"ARA ST DAVIDS IMAGING LP; ARA/ST. DAVID'S IMAGING, LP | Facility/JV-type entity (surgery, imaging, urgent care, rehab or specialty hospital); often jointly owned",4
62-1682207,health_system,HCA Healthcare,system,high,nppes_org_dba,MEDICAL CITY MCKINNEY,4
62-1801361,health_system,HCA Healthcare,system,high,nppes_org_dba,HCA HOUSTON HEALTHCARE CONROE,3
62-1682201,health_system,HCA Healthcare,system,high,nppes_org_dba,MEDICAL CITY ARLINGTON,3
62-1682210,health_system,HCA Healthcare,system,high,nppes_org_dba,MEDICAL CITY LEWISVILLE,3
76-0426950,health_system,HCA Healthcare,system,high,nppes_org_dba,HCA HOUSTON HEALTHCARE SOUTHEAST; HCA HOUSTON SOUTHEAST,3
62-1682202,health_system,HCA Healthcare,system,high,nppes_org_dba,MEDICAL CITY FORT WORTH,3
62-1682203,health_system,HCA Healthcare,system,high,bcbstx_tin_name+nppes_org_dba,MEDICAL CITY FRISCO A MEDICAL; MEDICAL CITY PLANO,3
62-1801363,health_system,HCA Healthcare,system,high,nppes_org_dba,HCA HOUSTON HEALTHCARE WEST,3
74-2726528,health_system,HCA Healthcare,system,high,nppes_org_name,"METHODIST HEALTHCARE SYSTEM OF SAN ANTONIO, LTD., L.L.P.",2
62-1650582,health_system,HCA Healthcare,system,high,nppes_org_dba,MEDICAL CITY LAS COLINAS,2
88-1196760,health_system,HCA Healthcare,system,high,bcbstx_tin_name+nppes_org_name,"STANLEY HCA LLC; STANLEY HCA, LLC",2
26-1512163,health_system,HCA Healthcare,system,high,nppes_org_dba,HCA HOUSTON HEALTHCARE NORTHWEST,2
62-1619857,health_system,HCA Healthcare,system,high,nppes_org_dba,HCA HOUSTON HEALTHCARE NORTH CYPRESS A CAMPUS OF HCA HOUSTON HEALTHCAR,2
75-1500135,health_system,HCA Healthcare,system,high,nppes_org_dba,MEDICAL CITY FORT WORTH,2
20-1043104,health_system,HCA Healthcare,affiliate_jv,medium,bcbstx_tin_name+nppes_org_dba,"MEDICAL CITY AMBULATORY SURGERY C; MEDICAL CITY OUTPATIENT; MEDICAL CITY SURGERY CENTER/DALLAS | Facility/JV-type entity (surgery, imaging, urgent care, rehab or specialty hospital); often jointly owned",1
26-2744486,health_system,HCA Healthcare,system,high,bcbstx_tin_name+nppes_org_name,ST DAVIDS OB HOSPITALIST PLLC,1
84-2824507,health_system,HCA Healthcare,affiliate_jv,medium,bcbstx_tin_name+nppes_org_dba+nppes_org_name,"MEDICAL CITY SPECIALTY; MEDICAL CITY ORTHOPEDIC &; MEDICAL CITY SPECIALTY SURGICENTER OF DALLAS, LLC | Facility/JV-type entity (surgery, imaging, urgent care, rehab or specialty hospital); often jointly owned",1
75-2290624,health_system,HCA Healthcare,affiliate_jv,medium,nppes_org_dba,"MEDICAL CITY SURGERY CENTER/PARK CENTRAL | Facility/JV-type entity (surgery, imaging, urgent care, rehab or specialty hospital); often jointly owned",1
99-3791535,health_system,HCA Healthcare,system,high,bcbstx_tin_name+nppes_org_dba,MEDICAL CITY MENTAL HEALTH AND WELLNESS CENTER - ALLIANCE; MEDICAL CITY MENTAL HEALTH,1
20-2485197,health_system,HCA Healthcare,affiliate_jv,medium,bcbstx_tin_name+nppes_org_dba+nppes_org_name,"MEDICAL CITY DALLAS IMAGING CENTER, LLC; MEDICAL CITY DALLAS IMAGING; PREFERED IMAGING AT MEDICAL CITY | Facility/JV-type entity (surgery, imaging, urgent care, rehab or specialty hospital); often jointly owned",1
88-1391141,health_system,HCA Healthcare,affiliate_jv,medium,bcbstx_tin_name+nppes_org_dba+nppes_org_name,"MEDICAL CITY SURGERY CENTER SOUTHLAKE, LLC; MEDICAL CITY SURGERY CENTER SOUTHLAKE; MEDICAL CITY SURGERY CENTER | Facility/JV-type entity (surgery, imaging, urgent care, rehab or specialty hospital); often jointly owned",1
80-0002697,health_system,HCA Healthcare,affiliate_jv,medium,nppes_org_dba,"MEDICAL CITY SURGERY CENTER/MCKINNEY | Facility/JV-type entity (surgery, imaging, urgent care, rehab or specialty hospital); often jointly owned",1
46-0947074,health_system,HCA Healthcare,system,high,bcbstx_tin_name+nppes_org_name,"MEDICAL CITY BRACE & LIMB, PLLC; MEDICAL CITY BRACE & LIMB PLLC",1
62-1489404,health_system,HCA Healthcare,affiliate_jv,medium,nppes_org_dba,"MEDICAL CITY SURGERY CENTER/FORT WORTH | Facility/JV-type entity (surgery, imaging, urgent care, rehab or specialty hospital); often jointly owned",1
82-1635538,health_system,HCA Healthcare,system,high,bcbstx_tin_name+nppes_org_dba,HCA HOUSTON HEALTHCARE MEDICAL CENTER; HCA HOUSTON HEALTHCARE MEDICAL,1
20-0270605,health_system,HCA Healthcare,affiliate_jv,medium,nppes_org_dba,"MEDICAL CITY SURGERY CENTER/DENTON | Facility/JV-type entity (surgery, imaging, urgent care, rehab or specialty hospital); often jointly owned",1
61-1760247,health_system,HCA Healthcare,affiliate_jv,medium,bcbstx_tin_name+nppes_org_dba+nppes_org_name,"ST DAVIDS AUSTIN SURGERY CENTER; ST. DAVID'S AUSTIN SURGERY CENTER; ST DAVIDS AUSTIN AREA ASC LLC | Facility/JV-type entity (surgery, imaging, urgent care, rehab or specialty hospital); often jointly owned",1
93-2106228,health_system,HCA Healthcare,affiliate_jv,medium,bcbstx_tin_name+nppes_org_dba+nppes_org_name,"MEDICAL CITY SURGERY CENTER OF ALLEN, LLC; MEDICAL CITY SURGERY CENTER ALLEN; MEDICAL CITY SURGERY CENTER OF | Facility/JV-type entity (surgery, imaging, urgent care, rehab or specialty hospital); often jointly owned",1
82-2073410,health_system,HCA Healthcare,system,high,bcbstx_tin_name+nppes_org_dba,MEDICAL CITY WEATHERFORD,1
05-0631189,health_system,HCA Healthcare,system,high,nppes_org_dba,HCA HOUSTON HEALTHCARE PEARLAND,1
92-3326615,health_system,HCA Healthcare,affiliate_jv,medium,bcbstx_tin_name+nppes_org_dba+nppes_org_name,"MEDICAL CITY SURGERY CENTER NORTH TEXAS, LLC; MEDICAL CITY SURGERY CENTER OF NORTH TEXAS; MEDICAL CITY SURGERY CENTER | Facility/JV-type entity (surgery, imaging, urgent care, rehab or specialty hospital); often jointly owned",1
82-2480225,health_system,HCA Healthcare,affiliate_jv,medium,bcbstx_tin_name+nppes_org_dba+nppes_org_name,"MEDICAL CITY SURGERY CENTER ALLIANCE; MEDICAL CITY SURGERY CENTER OF ALLIANCE, LLC; MEDICAL CITY SURGERY CENTER | Facility/JV-type entity (surgery, imaging, urgent care, rehab or specialty hospital); often jointly owned",1
93-4070478,health_system,HCA Healthcare,system,high,bcbstx_tin_name+nppes_org_dba,MEDICAL CITY MENTAL HEALTH AND WELLNESS CENTER OF FRISCO; MEDICAL CITY MENTAL HEALTH,1
82-2432064,health_system,HCA Healthcare,affiliate_jv,medium,bcbstx_tin_name+nppes_org_dba+nppes_org_name,"MEDICAL CITY SURGERY CENTER OF FRISCO, LLC; MEDICAL CITY SURGERY CENTER FRISCO; MEDICAL CITY SURGERY CENTER OF | Facility/JV-type entity (surgery, imaging, urgent care, rehab or specialty hospital); often jointly owned",1
46-4027347,health_system,HCA Healthcare,system,high,nppes_org_dba,MEDICAL CITY ALLIANCE,1
33-2241086,health_system,Houston Methodist,system,high,bcbstx_tin_name+nppes_org_dba+nppes_org_name,HOUSTON METHODIST PHYSICIAN ORGANIZATION; HOUSTON METHODIST SPECIALTY PHYSICIANS,1691
76-0545192,health_system,Houston Methodist,system,medium,nppes_org_dba,HOUSTON METHODIST WILLOWBROOK HOSPITAL; HOUSTON METHODIST SUGAR LAND HOSPITAL; HOUSTON METHODIST WEST HOSPITAL | Only 0/5 org NPIs in the TIN's groups carry the system name,6
33-3758011,health_system,Houston Methodist,system,high,bcbstx_tin_name+nppes_org_name,"HOUSTON METHODIST ORAL AND MAXILL; HOUSTON METHODIST ORAL AND MAXILLOFACIAL SURGEONS, PLLC",4
74-1287015,health_system,Houston Methodist,system,high,bcbstx_tin_name+nppes_org_dba,HOUSTON METHODIST SAN JACINTO HOSPTIAL; HOUSTON METHODIST BAYTOWN HOSPITAL; HOUSTON METHODIST BAYTOWN,3
74-1180155,health_system,Houston Methodist,system,high,bcbstx_tin_name+nppes_org_dba+nppes_org_name,THE METHODIST HOSPITAL; HOUSTON METHODIST HOSPITAL,2
47-2979550,health_system,Houston Methodist,system,high,bcbstx_tin_name+nppes_org_dba,HOUSTON METHODIST LABORATORY SERVICES; HOUSTON METHODIST LABORATORY,2
46-4389870,health_system,Houston Methodist,system,high,bcbstx_tin_name+nppes_org_dba+nppes_org_name,HOUSTON METHODIST CLEAR LAKE; HOUSTON METHODIST CLEAR LAKE HOSPITAL; HOUSTON METHODIST ST. JOHN HOSPITAL | Legacy BCBSTX name CHRISTUS St. John/St. Catherine: hospital now owned by Houston Methodist,1
99-0953826,health_system,Houston Methodist,affiliate_jv,medium,bcbstx_tin_name+nppes_org_dba+nppes_org_name,"HOUSTON METHODIST SURGERY CENTERS; HOUSTON METHODIST SURGERY; HOUSTON METHODIST SURGERY CENTER - BELLAIRE | Facility/JV-type entity (surgery, imaging, urgent care, rehab or specialty hospital); often jointly owned",1
81-3141435,health_system,Houston Methodist,affiliate_jv,medium,nppes_org_dba,"ADVANCED CARDIOVASCULAR & SURGERY CENTER AT METHODIST WEST HOUSTON | Facility/JV-type entity (surgery, imaging, urgent care, rehab or specialty hospital); often jointly owned",1
46-4402004,health_system,Houston Methodist,system,high,nppes_org_dba+nppes_org_name,HOUSTON METHODIST ST. CATHERINE HOSPITAL; HOUSTON METHODIST CONTINUING CARE HOSPITAL | Legacy BCBSTX name CHRISTUS St. John/St. Catherine: hospital now owned by Houston Methodist,1
20-4923281,health_system,Memorial Hermann,system,high,nppes_org_name,MEMORIAL HERMANN MEDICAL GROUP,1130
84-4504483,health_system,Memorial Hermann,system,high,bcbstx_tin_name+nppes_org_name,MEMORIAL HERMANN HOSPITAL BASED; MEMORIAL HERMANN HOSPITAL BASED PHYSICIAN GROUP,413
88-1580452,health_system,Memorial Hermann,affiliate_jv,medium,bcbstx_tin_name+nppes_org_dba+nppes_org_name,"MEMORIAL HERMANN-GOHEALTH URGENT CARE; MEMORIAL HERMANN URGENT CARE PLLC; MEMORIAL HERMANN MEDICAL GROUP | Facility/JV-type entity (surgery, imaging, urgent care, rehab or specialty hospital); often jointly owned",216
76-0385980,health_system,Memorial Hermann,system,high,nppes_org_name,"MEMORIAL HERMANN NEIGHBORHOOD HEALTH CENTERS, PLLC",116
74-1152597,health_system,Memorial Hermann,affiliate_jv,medium,bcbstx_tin_name+nppes_org_dba+nppes_org_name,"TIRR MEMORIAL HERMANN; MEMORIAL HERMANN MEMORIAL CITY HOSPITAL; MEMORIAL HERMANN OUTPATIENT IMAGING-SOUTHWEST | Facility/JV-type entity (surgery, imaging, urgent care, rehab or specialty hospital); often jointly owned",30
83-2803102,health_system,Memorial Hermann,system,high,bcbstx_tin_name,MEMORIAL HERMANN PHYSICIANS,7
36-4801162,health_system,Memorial Hermann,affiliate_jv,medium,bcbstx_tin_name+nppes_org_dba+nppes_org_name,"MEMORIAL HERMANN SURGERY CENTER KIRBY, LLC; MEMORIAL HERMANN SURGERY CENTER; MEMORIAL HERMANN SURGERY CENTER KIRBY GLEN | Facility/JV-type entity (surgery, imaging, urgent care, rehab or specialty hospital); often jointly owned",3
27-3520409,health_system,Memorial Hermann,affiliate_jv,medium,bcbstx_tin_name+nppes_org_dba+nppes_org_name,"MEMORIAL HERMANN SURGERY CENTER WOODLANDS PARKWAY; MEMORIAL HERMANN SURGERY CENTER WOODLANDS PARKWAY, LLC; MEMORIAL HERMANN SURGICAL CENTER | Facility/JV-type entity (surgery, imaging, urgent care, rehab or specialty hospital); often jointly owned",2
27-0552583,health_system,Memorial Hermann,affiliate_jv,medium,bcbstx_tin_name+nppes_org_dba+nppes_org_name,"MEMORIAL HERMANN SURGERY CENTER RICHMOND; MEMORIAL HERMANN SURGERY CENTER RICHMOND, LLC | Facility/JV-type entity (surgery, imaging, urgent care, rehab or specialty hospital); often jointly owned",2
27-2800702,health_system,Memorial Hermann,affiliate_jv,medium,bcbstx_tin_name+nppes_org_dba+nppes_org_name,"MEMORIAL HERMANN ENDOSCOPY; MEMORIAL HERMANN ENDOSCOPY CENTER NORTH LOOP; MEMORIAL HERMANN ENDOSCOPY CENTER NORTH FREEWAY LLC | Facility/JV-type entity (surgery, imaging, urgent care, rehab or specialty hospital); often jointly owned",2
57-1145567,health_system,Memorial Hermann,system,high,bcbstx_tin_name+nppes_org_dba,MEMORIAL HERMANN HOUSTON PHYSICIANS' HOSPITAL; MEMORIAL HERMANN HOUSTON,2
26-3464776,health_system,Memorial Hermann,affiliate_jv,medium,nppes_org_dba+nppes_org_name,"MEMORIAL HERMANN SURGERY CENTER KINGSLAND; MEMORIAL HERMANN SURGERY CENTER KINGSLAND LLC | Facility/JV-type entity (surgery, imaging, urgent care, rehab or specialty hospital); often jointly owned",2
36-4773048,health_system,Memorial Hermann,affiliate_jv,medium,bcbstx_tin_name+nppes_org_name,"MEMORIAL HERMANN BAY AREA ENDOSCOPY CENTER, LLC; MEMORIAL HERMANN BAY AREA | Facility/JV-type entity (surgery, imaging, urgent care, rehab or specialty hospital); often jointly owned",2
26-3896170,health_system,Memorial Hermann,affiliate_jv,medium,bcbstx_tin_name+nppes_org_dba+nppes_org_name,"MEMORIAL HERMANN REHAB HOSP KATY; MEMORIAL HERMANN REHABILITATION HOSPITAL KATY; MEMORIAL HERMANN REHABILITATION HOSPITAL KATY, LLC | Facility/JV-type entity (surgery, imaging, urgent care, rehab or specialty hospital); often jointly owned",2
76-0689675,health_system,Memorial Hermann,system,high,bcbstx_tin_name+nppes_org_dba+nppes_org_name,MEMORIAL HERMANN HEALTH SYSTEM; MEMORIAL HERMANN HOME HEALTH,2
26-4276930,health_system,Memorial Hermann,affiliate_jv,medium,bcbstx_tin_name+nppes_org_dba+nppes_org_name,"MEMORIAL HERMANN MEMORIAL VILLAGE SURGERY CENTER; MEMORIAL HERMANN SURGERY CENTER MEMORIAL CITY LLC; MEMORIAL HERMANN SURGERY CENTER MEM CITY | Facility/JV-type entity (surgery, imaging, urgent care, rehab or specialty hospital); often jointly owned",2
46-2464605,health_system,Memorial Hermann,affiliate_jv,medium,bcbstx_tin_name+nppes_org_name,"MEMORIAL HERMANN TEXAS INTERNATIONAL ENDOSCOPY CENTER, LLC; MEMORIAL HERMANN TEXAS | Facility/JV-type entity (surgery, imaging, urgent care, rehab or specialty hospital); often jointly owned",2
85-0885303,health_system,Memorial Hermann,affiliate_jv,medium,nppes_org_dba,"MEMORIAL HERMANN CARDIOVASCULAR SURGERY CENTER - SUGAR LAND | Facility/JV-type entity (surgery, imaging, urgent care, rehab or specialty hospital); often jointly owned",1
38-4114079,health_system,Memorial Hermann,affiliate_jv,medium,bcbstx_tin_name+nppes_org_name,"MEMORIAL HERMANN SURGERY CENTER MAIN STREET, LLC; MEMORIAL HERMANN SURGERY | Facility/JV-type entity (surgery, imaging, urgent care, rehab or specialty hospital); often jointly owned",1
20-8385914,health_system,Memorial Hermann,affiliate_jv,medium,bcbstx_tin_name+nppes_org_dba+nppes_org_name,"MEMORIAL HERMANN SURGICAL; MEMORIAL HERMANN SPECIALTY; MEMORIAL HERMANN SURGICAL HOSPITAL KINGWOOD | Facility/JV-type entity (surgery, imaging, urgent care, rehab or specialty hospital); often jointly owned",1
26-2809136,health_system,Memorial Hermann,affiliate_jv,medium,bcbstx_tin_name+nppes_org_name,"MEMORIAL HERMANN ENDOSCOPY & SURGERY CENTER NORTH HOUSTON, LLC; MEMORIAL HERMANN ENDO SURG CTR | Facility/JV-type entity (surgery, imaging, urgent care, rehab or specialty hospital); often jointly owned",1
20-0689650,health_system,Memorial Hermann,affiliate_jv,medium,bcbstx_tin_name+nppes_org_dba+nppes_org_name,"MEMORIAL HERMANN SURGERY CENTER NORTHWEST, LLP; MEMORIAL HERMANN SRG CTR NW; MEMORIAL HERMANN SURGERY CENTER GREATER HEIGHTS | Facility/JV-type entity (surgery, imaging, urgent care, rehab or specialty hospital); often jointly owned",1
88-3514688,health_system,Memorial Hermann,affiliate_jv,medium,bcbstx_tin_name+nppes_org_dba+nppes_org_name,"MEMORIAL HERMANN SURGERY; MEMORIAL HERMANN SURGERY CENTER WOODFOREST LLC; MEMORIAL HERMANN SURGERY CENTER WOODFOREST | Facility/JV-type entity (surgery, imaging, urgent care, rehab or specialty hospital); often jointly owned",1
83-0759140,health_system,Memorial Hermann,affiliate_jv,medium,bcbstx_tin_name+nppes_org_name,"MEMORIAL HERMANN SURGERY CENTER BRAZORIA, LLC; MEMORIAL HERMANN SURGERY CENTER | Facility/JV-type entity (surgery, imaging, urgent care, rehab or specialty hospital); often jointly owned",1
37-1796296,health_system,Memorial Hermann,affiliate_jv,medium,bcbstx_tin_name+nppes_org_name,"MEMORIAL HERMANN SURGERY CENTER PINECROFT, LLC; MEMORIAL HERMANN SURGERY CENTER; MEMORIAL HERMANN SURGERY CENTER P | Facility/JV-type entity (surgery, imaging, urgent care, rehab or specialty hospital); often jointly owned",1
20-2866884,health_system,Memorial Hermann,affiliate_jv,medium,nppes_org_dba+nppes_org_name,"MEMORIAL HERMANN SURGERY CENTER SOUTHWEST LLP; MEMORIAL HERMANN SURGERY CENTER SOUTHWEST | Facility/JV-type entity (surgery, imaging, urgent care, rehab or specialty hospital); often jointly owned",1
75-2832459,health_system,Memorial Hermann,affiliate_jv,medium,bcbstx_tin_name+nppes_org_name,"MEMORIAL HERMANN SURGERY CENTER PRESTON ROAD, LTD.; MEMORIAL HERMANN SURGERY CENTER | Facility/JV-type entity (surgery, imaging, urgent care, rehab or specialty hospital); often jointly owned",1
20-2184459,health_system,Memorial Hermann,system,high,bcbstx_tin_name+nppes_org_dba+nppes_org_name,"MEMORIAL HERMANN PHARMACY; MEMORIAL HERMANN PHARMACY SERVICES, LLC; MEMORIAL HERMANN HOME HEALTH PHARMACY",1
76-0466440,health_system,Memorial Hermann,affiliate_jv,medium,nppes_org_name,"MEMORIAL HERMANN WEST HOUSTON SURGERY CENTER, LLC | Facility/JV-type entity (surgery, imaging, urgent care, rehab or specialty hospital); often jointly owned",1
81-3375333,health_system,Memorial Hermann,affiliate_jv,medium,nppes_org_dba,"MEMORIAL HERMANN ENDOSCOPY CENTER KINGWOOD | Facility/JV-type entity (surgery, imaging, urgent care, rehab or specialty hospital); often jointly owned",1
35-2167462,health_system,Memorial Hermann,affiliate_jv,medium,bcbstx_tin_name+nppes_org_dba+nppes_org_name,"MEMORIAL HERMANN SURGICAL; MEMORIAL HERMANN SUGAR LAND SURGICAL HOSPITAL, LLP; MEMORIAL HERMANN SUGAR LAND | Facility/JV-type entity (surgery, imaging, urgent care, rehab or specialty hospital); often jointly owned",1
20-3360737,health_system,Memorial Hermann,affiliate_jv,medium,bcbstx_tin_name+nppes_org_name,"MEMORIAL HERMANN SURG CTR KATY; MEMORIAL HERMANN SURGERY CENTER KATY LLP | Facility/JV-type entity (surgery, imaging, urgent care, rehab or specialty hospital); often jointly owned",1
20-3233617,health_system,Memorial Hermann,affiliate_jv,medium,bcbstx_tin_name+nppes_org_name,"MEMORIAL HERMANN SURGERY CENTER SUGAR LAND LLP; MEMORIAL HERMANN SURG CTR SUGAR L | Facility/JV-type entity (surgery, imaging, urgent care, rehab or specialty hospital); often jointly owned",1
20-1765863,health_system,Memorial Hermann,affiliate_jv,medium,bcbstx_tin_name+nppes_org_dba+nppes_org_name,"MEMORIAL HERMANN SURGERY CENTER - THE WOODLANDS, LLP; MEMORIAL HERMANN SURGERY CENTER, THE WOODLANDS; MEMORIAL HERMANN SUR CTR WOODLANDS | Facility/JV-type entity (surgery, imaging, urgent care, rehab or specialty hospital); often jointly owned",1
37-1789833,health_system,Memorial Hermann,affiliate_jv,medium,bcbstx_tin_name+nppes_org_dba,"MEMORIAL HERMANN SURGERY CENTER PARK TEN; MEMORIAL HERMANN SURGERY | Facility/JV-type entity (surgery, imaging, urgent care, rehab or specialty hospital); often jointly owned",1
75-2896138,health_system,Methodist Health System (Dallas),system,high,nppes_org_dba,METHODIST MEDICAL GROUP,506
75-0800661,health_system,Methodist Health System (Dallas),system,high,bcbstx_tin_name+nppes_org_dba+nppes_org_name,METHODIST RICHARDSON MEDICAL CENTER; METHODIST MANSFIELD MEDICAL CENTER; METHODIST CELINA MEDICAL CENTER,12
76-0610335,health_system,Methodist Health System (Dallas),system,high,nppes_org_dba,"METHODIST MEDICAL GROUP, PLLC",11
47-1054059,health_system,Methodist Health System (Dallas),system,high,nppes_org_dba,METHODIST MEDICAL GROUP,5
85-2679258,health_system,Methodist Health System (Dallas),system,high,nppes_org_dba,METHODIST MANSFIELD WOUND CARE CENTER,2
26-0869371,health_system,Methodist Health System (Dallas),affiliate_jv,medium,bcbstx_tin_name+nppes_org_name,"METHODIST MANSFIELD AMBULATORY SURGERY CENTER, LLC; METHODIST MANSFIELD AMBULATORY | Facility/JV-type entity (surgery, imaging, urgent care, rehab or specialty hospital); often jointly owned",1
95-4537720,health_system,Tenet,system,high,bcbstx_tin_name+nppes_org_name,TENET HOSPITALS LIMITED,8
76-0714523,health_system,Tenet,system,high,bcbstx_tin_name+nppes_org_dba+nppes_org_name,"BAPTIST HEALTH SYSTEM CARDIOLOGY GROUP; BAPTIST MEDICAL CENTER; VHS SAN ANTONIO PARTNERS, LLC",7
45-2662980,health_system,Tenet,affiliate_jv,medium,nppes_org_dba,VALLEY BAPTIST MEDICAL CENTER - HARLINGEN; VALLEY BAPTIST MEDICAL CENTER; VALLEY BAPTIST MEDICAL CENTER - REHAB UNIT | Valley Baptist (VHS Harlingen) - Tenet-majority JV via Vanguard,5
33-1082073,health_system,Tenet,affiliate_jv,medium,bcbstx_tin_name+nppes_org_name,"VHS SAN ANTONIO IMAGING PARTNERS, LP; VHS SAN ANTONIO IMAGING PARTNERS | Facility/JV-type entity (surgery, imaging, urgent care, rehab or specialty hospital); often jointly owned",2
45-2663071,health_system,Tenet,affiliate_jv,medium,nppes_org_dba,VALLEY BAPTIST MEDICAL CENTER - BROWNSVILLE | Valley Baptist Brownsville (VHS Brownsville) - Tenet-majority JV via Vanguard,2
76-0354630,health_system,Tenet,system,high,bcbstx_tin_name,TENET HEALTHCARE LTD,2
75-2613493,health_system,Texas Health Resources,system,high,bcbstx_tin_name+nppes_org_name,TEXAS HEALTH PHYSICIANS GROUP,1602
75-1047527,health_system,Texas Health Resources,system,high,bcbstx_tin_name+nppes_org_name,TEXAS HEALTH PRESBYTERIAN; TEXAS HEALTH PRESBYTERIAN HOSPITAL DALLAS,19
75-1438726,health_system,Texas Health Resources,system,high,bcbstx_tin_name+nppes_org_name,TEXAS HEALTH HARRIS METHODIST HOSPITAL HURST-EULESS-BEDFORD; TEXAS HEALTH HARRIS METHODIST HOSPITAL,12
75-2770738,health_system,Texas Health Resources,system,high,bcbstx_tin_name+nppes_org_name,TEXAS HEALTH PRESBYTERIAN; TEXAS HEALTH PRESBYTERIAN HOSPITAL ALLEN; TEXAS HEALTH PRESBYTERIAN HOSPITAL PLANO,8
75-2890358,health_system,Texas Health Resources,system,high,bcbstx_tin_name+nppes_org_name,TEXAS HEALTH PRESBYTERIAN HOSPITAL PLANO; TEXAS HEALTH PRESBYTERIAN HOSPITAL ALLEN; TEXAS HEALTH PRESBYTERIAN,6
75-6001743,health_system,Texas Health Resources,system,high,nppes_org_dba+nppes_org_name,TEXAS HEALTH HARRIS METHODIST HOSPITAL FORT WORTH OCCUPATIONAL HEALTH; TEXAS HEALTH HARRIS METHODIST HOSPITAL FORT WORTH,5
75-0972805,health_system,Texas Health Resources,system,high,nppes_org_name,TEXAS HEALTH ARLINGTON MEMORIAL HOSPITAL,5
75-1752253,health_system,Texas Health Resources,system,high,bcbstx_tin_name+nppes_org_name,TEXAS HEALTH HARRIS METHODIST HOSPITAL STEPHENVILLE; TEXAS HEALTH HARRIS METHODIST,4
45-2694620,health_system,Texas Health Resources,system,high,bcbstx_tin_name+nppes_org_dba+nppes_org_name,"TEXAS HEALTH HUGULEY, INC.; TEXAS HEALTH HUGULEY HOSPITAL FORT WORTH SOUTH; TEXAS HEALTH HUGULEY INC",3
75-1748586,health_system,Texas Health Resources,system,high,bcbstx_tin_name+nppes_org_name,TEXAS HEALTH HARRIS METHODIST HOSPITAL AZLE; TEXAS HEALTH HARRIS METHODIST,3
77-0628004,health_system,Texas Health Resources,affiliate_jv,medium,nppes_org_dba,"TEXAS INSTITUTE FOR SURGERY AT TEXAS HEALTH PRESBYTERIAN DALLAS | Facility/JV-type entity (surgery, imaging, urgent care, rehab or specialty hospital); often jointly owned",2
26-0684968,health_system,Texas Health Resources,system,high,bcbstx_tin_name+nppes_org_dba,TEXAS HEALTH PRESBYTERIAN; TEXAS HEALTH PRESBYTERIAN HOSPITAL FLOWER MOUND,2
75-2678857,health_system,Texas Health Resources,system,high,bcbstx_tin_name+nppes_org_name,TEXAS HEALTH HARRIS METHODIST HOSPITAL SOUTHWEST FORT WORTH; TEXAS HEALTH HARRIS METHODIST,2
75-2771437,health_system,Texas Health Resources,system,high,bcbstx_tin_name+nppes_org_name,TEXAS HEALTH PRESBYTERIAN HOSP KA; TEXAS HEALTH PRESBYTERIAN HOSPITAL KAUFMAN,2
81-2833150,health_system,Texas Health Resources,system,high,bcbstx_tin_name+nppes_org_dba,TEXAS HEALTH RESOURCES INFUSION PHARMACY; TEXAS HEALTH RESOURCES INFUSION,1
20-3003947,health_system,Texas Health Resources,affiliate_jv,medium,bcbstx_tin_name+nppes_org_dba,"TEXAS HEALTH HEART & VASCULAR HOSPITAL ARLINGTON; TEXAS HEALTH HEART & VASCULAR | Facility/JV-type entity (surgery, imaging, urgent care, rehab or specialty hospital); often jointly owned",1
43-2008974,health_system,Texas Health Resources,system,high,bcbstx_tin_name+nppes_org_dba+nppes_org_name,TEXAS HEALTH PRESBYTERIAN HOSPITAL DENTON; TEXAS HEALTH PRESBYTERIAN,1
20-2848116,health_system,Texas Health Resources,system,high,bcbstx_tin_name+nppes_org_dba,TEXAS HEALTH HOSPITAL ROCKWALL; TEXAS HEALTH PRESBYTERIAN HOSPITAL ROCKWALL; TEXAS HEALTH PRESBYTERIAN,1
02-0555370,health_system,Texas Health Resources,system,high,bcbstx_tin_name+nppes_org_dba,TEXAS HEALTH HARRIS METHODIST; TEXAS HEALTH HARRIS METHODIST HOSPITAL SOUTHLAKE,1
83-1869297,health_system,Texas Health Resources,system,high,bcbstx_tin_name+nppes_org_name,TEXAS HEALTH HOSPITAL MANSFIELD; TEXAS HEALTH HOSPITAL,1
83-1954982,health_system,Texas Health Resources,system,high,bcbstx_tin_name+nppes_org_name,TEXAS HEALTH HOSPITAL FRISCO,1
82-1289045,health_system,Texas Health Resources,affiliate_jv,medium,bcbstx_tin_name+nppes_org_dba+nppes_org_name,"TEXAS HEALTH HUGULEY SURGERY; TEXAS HEALTH HUGULEY SURGERY CENTER, LLC; TEXAS HEALTH HUGULEY SURGERY CEN | Facility/JV-type entity (surgery, imaging, urgent care, rehab or specialty hospital); often jointly owned",1
75-1977850,health_system,Texas Health Resources,system,high,bcbstx_tin_name+nppes_org_name,TEXAS HEALTH HARRIS METHODIST; TEXAS HEALTH HARRIS METHODIST HOSPITAL CLEBURNE,1
45-1502252,health_system,Texas Health Resources,system,high,bcbstx_tin_name+nppes_org_name,TEXAS HEALTH HARRIS METHODIST HOSPITAL ALLIANCE; TEXAS HEALTH HARRIS METHODIST,1
